service_name,category,short_description,source_url
AI Development,AI Services,Builds custom AI solutions to automate processes and make data‑driven decisions.,https://www.prismetric.com/ai-development-services/
Generative AI,AI Services,Develops generative AI solutions such as content and text generation tailored to business use cases.,https://www.prismetric.com/ai-development-services/
Data Engineering,AI Services,"Designs and manages data pipelines so AI and analytics systems get clean, reliable data.",https://www.prismetric.com/ai-development-services/
ML Development,AI Services,Creates machine learning models to automate predictions and optimize business workflows.,https://www.prismetric.com/ai-development-services/
AI Consulting Services,AI Services,"Helps businesses plan AI strategy, roadmap, and adoption with expert consulting.",https://www.prismetric.com/ai-consulting-services/
Chatbot Development,AI Services,Builds AI chatbots for customer support and user engagement across channels.,https://www.prismetric.com/ai-development-services/
Computer Vision,AI Services,Implements vision models to analyze images or video for tasks like detection and quality checks.,https://www.prismetric.com/ai-development-services/
Enterprise AI Development,AI Services,Develops large‑scale AI solutions for enterprise‑level operations and decision‑making.,https://www.prismetric.com/ai-development-services/
AI Agent Development,AI Services,Builds autonomous AI agents that can handle tasks and workflows with minimal human input.,https://www.prismetric.com/ai-development-services/
LLM Development,AI Services,Designs and customizes large language model–based solutions for conversational and text tasks.,https://www.prismetric.com/ai-development-services/
NLP Services,AI Services,"Provides natural language processing solutions to understand, classify, and generate text.",https://www.prismetric.com/ai-development-services/
RAG as a Service,AI Services,Implements retrieval‑augmented generation solutions to answer questions from private knowledge bases.,https://www.prismetric.com/ai-development-services/
AI Integration Services,AI Services,"Integrates AI models into existing ERP, CRM, cloud and business systems end‑to‑end.",https://www.prismetric.com/ai-integration-services/
AI Automation Agency,AI Services,Delivers AI‑driven automation solutions to remove repetitive work and streamline workflows.,https://www.prismetric.com/
Deep Learning Development,AI Services,"Builds deep learning models for complex prediction, vision, and unstructured data tasks.",https://www.prismetric.com/ai-development-services/
AI Voice Agent Development,AI Services,Creates AI voice agents that can interact with users through speech.,https://www.prismetric.com/ai-development-services/
LLM Fine-Tuning,AI Services,Fine‑tunes large language models on domain‑specific data to improve relevance.,https://www.prismetric.com/ai-development-services/
Enterprise AI Chatbot,AI Services,Develops advanced chatbots tailored for enterprise workflows and support.,https://www.prismetric.com/ai-development-services/
Vibe Coding Agency,AI Services,Offers AI‑driven coding and development support services.,https://www.prismetric.com/
Business Intelligence Services,AI Services,Delivers BI and analytics solutions to turn data into dashboards and insights.,https://www.prismetric.com/
AI Workflow Automation,AI Services,Automates multi‑step workflows using AI so processes run with minimal manual work.,https://www.prismetric.com/
Mobile App Development,Development Services,"Designs and develops mobile apps for iOS, Android, and cross‑platform use.",https://dev.prismetric.com/mobile-app-development/
SaaS App Development,Development Services,Builds software‑as‑a‑service applications for subscription‑based products.,https://www.prismetric.com/
E-commerce Development,Development Services,Creates e‑commerce websites and platforms for online selling and marketplaces.,https://www.prismetric.com/
Web Development,Development Services,"Develops responsive, interactive websites and web apps for different industries.",https://www.prismetric.com/
Software Development,Development Services,Builds custom business software to automate tasks and improve productivity.,https://www.prismetric.com/
AI Solutions for Fintech,Industry Solutions,"Applies AI to financial services for risk, fraud detection, and smart finance products.",https://www.prismetric.com/
AI Solutions for Logistics,Industry Solutions,Builds AI solutions for logistics providers to optimize routes and operations.,https://www.prismetric.com/
Healthcare AI Solutions,Industry Solutions,Creates AI‑powered healthcare solutions for patient care and medical workflows.,https://www.prismetric.com/
Retail AI Solutions,Industry Solutions,Delivers smart retail AI features such as recommendations and customer analytics.,https://www.prismetric.com/
AI Solutions for Ecommerce,Industry Solutions,Builds AI solutions for ecommerce businesses such as personalization and search.,https://www.prismetric.com/
Automotive Solutions,Industry Solutions,"Provides apps and solutions to track services, usage and related automotive data.",https://www.prismetric.com/
AI Solutions for Travel,Industry Solutions,Develops AI‑powered travel apps with core travel planning and booking features.,https://www.prismetric.com/
AI Solutions for Education,Industry Solutions,Builds AI‑powered EdTech apps that are engaging and insightful for learners.,https://www.prismetric.com/
Real Estate AI Solutions,Industry Solutions,Creates AI solutions for real estate businesses such as property search and lead handling.,https://www.prismetric.com/
